宏观环境分析,产业分析,企业经营分析,财务分析,技术分析
经济,行业,人事,收入,K线
周期,市场,高管,利润,技术面
物价,产业,管理,营收,切线
国际,产品,法律,毛利,形态
财政,创新,诉讼,成本,走势
货币,出货,案件,亏损,大盘
政策,销量,离职,损失,指标
政治,业务,投诉,负债,股
宏观,同业,卸任,欠款,股本
微观,事业,换届,利息,股价
中央,领域,团队,估值,发行
政府,销售,企业,盈利,市盈率
GDP,发展,股东,费用,每股收益
国内生产总值,战略,董事,净利润,换手
GNP,产业链,控股,预算,短线
国民生产总值,结构,持股,退市,长线
利率,品牌,股权,压力,中期
央行,构成,投资,借款,反弹
人民银行,经销,合作,应收,上行
汇率,商标,股份,担保,下行
收支,营销,配发,抵押,抛空
环境,资源,发行,质押,逢高
金融,经营,停牌,毛利率,逢低
繁荣,生产,运营,募资,跳空
衰退,业绩,分割,财务,上升
就业,旗下,新发,收益,主力
萧条,资产,配股,债务,减仓
存款,竞争,增持,债权,加仓
准备金,技术,减持,净值,成交
股市,领域,套利,资产,中线
银根,龙头,经营,账面,冲高
通货,板块,营业,价值,底部
膨胀,规模,公司,股利,均线
紧缩,供求,商业,报酬,指数
供应,贸易,经理,所得,异动
贴现,商誉,员工,税,轮动
,,,损益,震荡
,,,现值,涨
,,,,跌
,,,,空头
,,,,多头
,,,,主力
,,,,大户
,,,,机构